title,description,price,image
Jacob Carter,Star score where film friend record close. Forward people water resource.,1009.08,assets/images/Jason Simon.png
Alyssa Franco,Certain radio week care. Board center their. Like view where later bring.,418.367,assets/images/Kimberly Clarke.png
James Phillips,City chance policy type.,990.045,assets/images/Summer Hill.png
Jenna Arnold,Strategy lay clear financial that. Site look of me from help. Step tonight focus then.,393.54,assets/images/Peter Smith.png
Stacey Watts,Interest meeting she appear start mention. White never southern majority. Issue always why yes why she.,82.55,assets/images/Jason Simon.png
Todd Wilson,Yourself according through what about my. Rest minute everyone including win after.,76.313,assets/images/Steven Mason.png
Kayla Johnson,Pm move partner test offer industry huge choose. Meeting these total near move if religious. Police position fear senior success.,542.248,assets/images/Ronald Brown.png
Carlos Zamora,News religious seek necessary another kid state.,1004.392,assets/images/Selena Rogers.png
John Bonilla,Economic same accept customer card husband charge. Rule new study establish. Deal fine degree.,860.731,assets/images/Eric Reynolds.png
William Patterson,None contain call life result modern. Whatever source trouble look create see finish step. Until Republican cost discover.,497.714,assets/images/Judith Gay.png
Paul Houston,Party street stage natural middle certainly. Figure million particularly course mission. Feel certain system election.,432.473,assets/images/Ashley Fisher.png
Mark George,Responsibility better large life new southern. Size little town glass however. Require himself pattern finally.,51.069,assets/images/Eric Reynolds.png
Kristen Johnson,Positive arrive home scientist speech hundred cultural. Speak check factor material sit reduce course part. Bar body kind.,600.846,assets/images/Ashley Smith.png
Elizabeth Maldonado,Population total responsibility position doctor building resource care. Any film they political.,508.054,assets/images/Olivia Gonzalez.png
Susan Young,Future prove huge. Watch tonight religious north. Garden once arm. Financial possible politics develop keep throughout.,261.003,assets/images/Jean Edwards DDS.png
Alyssa Brown,Have trade include produce those moment. Exist change result fine attorney own or. Worker sit effort pattern exist.,780.124,assets/images/Deanna Johnson.png
Derek Miranda,Ten that without lose. Such another thing game out amount.,203.289,assets/images/Jerry Scott.png
Joseph Hernandez,Way over president if. Thus eye cold over add bank.,871.959,assets/images/Nathan Lyons.png
James Powell,Head fall unit who fast thing defense simply. Bit book organization include science record piece. Loss figure between same coach.,911.583,assets/images/Alyssa Mendez.png
Karen Anderson,Third five else name health seek test create. Of play medical administration year prepare room rich.,932.577,assets/images/Ashley Smith.png
